id,name,brand,category,concentration,size_ml,price,top_notes,middle_notes,base_notes,description,release_year,in_stock
PF001,Sauvage,Dior,men,Eau de Toilette,100,155.00,Calabrian Bergamot; Pepper,Sichuan Pepper; Lavender; Pink Pepper; Vetiver; Patchouli; Geranium,Ambroxan; Cedar; Labdanum,A radically fresh composition dictated by a name that has the ring of a manifesto. Raw and noble all at once.,2015,true
PF002,Sauvage,Dior,men,Eau de Parfum,100,165.00,Calabrian Bergamot; Pepper,Sichuan Pepper; Lavender; Star Anise,Ambroxan; Vanilla; Cedar,A new intensity. A more profound trail. The powerful freshness of Sauvage in an intense interpretation.,2018,true
PF003,Bleu de Chanel,Chanel,men,Eau de Parfum,100,175.00,Citrus; Mint,Grapefruit; Dry Cedar; Labdanum,Incense; Ginger; Sandalwood; Vetiver,An ode to masculine freedom expressed in an aromatic-woody fragrance with a captivating trail.,2014,true
PF004,Bleu de Chanel,Chanel,men,Parfum,100,195.00,Citrus; Mint,Cedar; Grapefruit,Sandalwood; Vetiver; Amber,The essence of a man who chooses his own destiny. The deepest and most sensual version.,2018,true
PF005,Acqua di Gio,Giorgio Armani,men,Eau de Toilette,100,120.00,Calabrian Bergamot; Neroli; Green Tangerine,Jasmine; Calone; Peach; Freesia; Cyclamen; Hyacinth; Rose,Cedar; Musk; Patchouli; Amber,A fresh aquatic fragrance inspired by the beauty of Pantelleria where Armani spent his vacation.,1996,true
PF006,Acqua di Gio Profumo,Giorgio Armani,men,Parfum,75,140.00,Bergamot; Sea Notes; Aquatic Notes,Geranium; Rosemary; Sage,Incense; Amber; Patchouli,An intense and sensual evolution of the iconic Acqua di Gio.,2015,true
PF007,Aventus,Creed,men,Eau de Parfum,100,445.00,Pineapple; Bergamot; Black Currant; Apple,Birch; Jasmine; Patchouli; Rose,Musk; Oak Moss; Ambergris; Vanille,A sophisticated scent inspired by the dramatic life of a historic emperor.,2010,true
PF008,Green Irish Tweed,Creed,men,Eau de Parfum,100,395.00,Lemon Verbena; Iris,Violet Leaf,Sandalwood; Ambergris,A fresh fougere fragrance that has become a modern classic and the signature scent of many distinguished gentlemen.,1985,true
PF009,La Nuit de L'Homme,Yves Saint Laurent,men,Eau de Toilette,100,115.00,Cardamom; Bergamot; Caraway,Lavender; Virginia Cedar; Vetiver,Coumarin; Tonka Bean,A seductive and bold fragrance that captures the allure of the night.,2009,true
PF010,Y Eau de Parfum,Yves Saint Laurent,men,Eau de Parfum,100,140.00,Apple; Ginger; Bergamot,Sage; Juniper Berries; Geranium,Tonka Bean; Cedar; Vetiver; Fir Balsam,A fresh woody fragrance for the man who is ready to conquer the world.,2017,true
PF011,Spicebomb,Viktor & Rolf,men,Eau de Toilette,90,130.00,Bergamot; Grapefruit; Elemi; Pink Pepper,Cinnamon; Saffron; Paprika,Tobacco; Vetiver; Leather,An explosive cocktail of spices for men who want to seduce.,2012,true
PF012,Eros,Versace,men,Eau de Toilette,100,98.00,Mint; Green Apple; Lemon,Tonka Bean; Ambroxan; Geranium,Vanilla; Vetiver; Oak Moss; Cedarwood,Captures the mythological essence of desire and seduction.,2012,true
PF013,Dylan Blue,Versace,men,Eau de Toilette,100,95.00,Calabrian Bergamot; Grapefruit; Fig Leaves,Violet Leaves; Papyrus; Patchouli; Black Pepper,Musk; Saffron; Incense; Tonka Bean,A contemporary interpretation of the masculine Mediterranean spirit.,2016,true
PF014,The One,Dolce & Gabbana,men,Eau de Parfum,100,115.00,Grapefruit; Coriander; Basil,Cardamom; Ginger; Orange Blossom,Cedarwood; Labdanum; Amber,An elegant and sensual fragrance for a modern gentleman.,2008,true
PF015,Light Blue,Dolce & Gabbana,men,Eau de Toilette,125,102.00,Juniper; Grapefruit; Bergamot; Mandarin Orange,Rosemary; Rosewood; Pepper,Incense; Musk; Oak Moss,Fresh and intensely masculine with Mediterranean spirit.,2007,true
PF016,Coco Mademoiselle,Chanel,women,Eau de Parfum,100,185.00,Orange; Mandarin; Bergamot,Rose; Jasmine; Litchi,Patchouli; Vetiver; White Musk; Vanilla; Tonka Bean,A youthful and elegant fragrance for the modern confident woman.,2001,true
PF017,N°5,Chanel,women,Eau de Parfum,100,195.00,Aldehydes; Bergamot; Neroli; Ylang-Ylang; Lemon,Iris; Jasmine; Rose; Lily of the Valley,Sandalwood; Cedar; Vetiver; Vanilla; Musk; Amber,The timeless iconic fragrance that defined modern perfumery.,1921,true
PF018,J'adore,Dior,women,Eau de Parfum,100,170.00,Ylang-Ylang; Damask Rose; Mandarin,Jasmine; Tuberose; Rose,Vanilla; Musk,A modern glamorous fragrance that celebrates femininity.,1999,true
PF019,Miss Dior,Dior,women,Eau de Parfum,100,160.00,Italian Mandarin; Pink Pepper,Centifolia Rose; Damascus Rose,Indonesian Patchouli; Musk,A vibrant and romantic fragrance with couture elegance.,2017,true
PF020,La Vie Est Belle,Lancôme,women,Eau de Parfum,100,155.00,Blackcurrant; Pear,Iris; Jasmine; Orange Blossom,Praline; Vanilla; Patchouli; Tonka Bean,A sweet gourmand fragrance celebrating the beauty of life.,2012,true
PF021,Black Opium,Yves Saint Laurent,women,Eau de Parfum,90,150.00,Adrenaline Accord; Pink Pepper; Orange Blossom,Coffee; Jasmine,Vanilla; Patchouli; Cedar,A rock'n'roll fragrance with coffee and vanilla.,2014,true
PF022,Flowerbomb,Viktor & Rolf,women,Eau de Parfum,100,175.00,Tea; Bergamot,Sambac Jasmine; Orchid; Freesia; Rose; Cattleya,Patchouli; Musk,An explosive floral bouquet that transforms negative into positive.,2005,true
PF023,Good Girl,Carolina Herrera,women,Eau de Parfum,80,140.00,Almond; Coffee,Tuberose; Jasmine Sambac; Bulgarian Rose,Tonka Bean; Cacao; Sandalwood,A daring fragrance in a stiletto-shaped bottle for the good girl gone bad.,2016,true
PF024,Si,Giorgio Armani,women,Eau de Parfum,100,145.00,Blackcurrant Nectar; Bergamot; Mandarin,Rose; May Rose; Freesia,Blonde Wood; Musk; Vanilla; Ambroxan,A chypre fragrance that says yes to all facets of femininity.,2013,true
PF025,Gucci Bloom,Gucci,women,Eau de Parfum,100,140.00,Natural Tuberose,Jasmine Bud; Rangoon Creeper,Honeysuckle,A rich white floral scent representing contemporary femininity.,2017,true
PF026,Baccarat Rouge 540,Maison Francis Kurkdjian,unisex,Eau de Parfum,70,325.00,Saffron; Jasmine,Amberwood,Fir Resin; Cedar,A poetic alchemy translating the concordance of complementary forces.,2015,true
PF027,Oud Wood,Tom Ford,unisex,Eau de Parfum,100,380.00,Rosewood; Cardamom; Chinese Pepper,Oud; Sandalwood; Vetiver,Tonka Bean; Amber,A smoky blend of exotic woods and spices.,2007,true
PF028,Tobacco Vanille,Tom Ford,unisex,Eau de Parfum,100,390.00,Tobacco Leaf; Spicy Notes,Vanilla; Cacao; Tonka Bean; Dried Fruit,Wood Sap,An opulent warm composition reminiscent of an English gentleman's club.,2007,true
PF029,Black Orchid,Tom Ford,unisex,Eau de Parfum,100,185.00,Black Truffle; Ylang-Ylang; Black Currant; Bergamot,Black Orchid; Lotus; Spicy Notes,Patchouli; Sandalwood; Dark Chocolate; Vetiver; Vanilla,A luxurious dark composition of black orchids and spice.,2006,true
PF030,Lost Cherry,Tom Ford,unisex,Eau de Parfum,50,355.00,Black Cherry; Cherry Liqueur; Bitter Almond,Turkish Rose; Jasmine Sambac,Peru Balsam; Roasted Tonka; Sandalwood; Vetiver; Cedar,An intoxicating cherry fantasy with a bitter almond bite.,2018,true
PF031,Aventus for Her,Creed,women,Eau de Parfum,75,345.00,Pink Pepper; Green Apple; Bergamot,Bulgarian Rose; Ylang-Ylang; Peach; Violet,Sandalwood; Musk; Amber; Styrax,A sophisticated fruity floral fragrance fit for an empress.,2016,true
PF032,Love Don't Be Shy,Kilian,unisex,Eau de Parfum,50,275.00,Neroli; Bergamot; Coriander; Pink Pepper,Orange Blossom; Jasmine; Honeysuckle; Rose,Marshmallow; Musk; Vanilla; Sugar,A voluptuous and addictive marshmallow fragrance.,2007,true
PF033,Delina,Parfums de Marly,women,Eau de Parfum,75,325.00,Lychee; Rhubarb; Bergamot; Nutmeg; Pink Pepper,Turkish Rose; Peony; Vanilla; Incense,Evernyl; Cashmeran; White Musk; Cedarwood,A romantic powdery rose fragrance with modern elegance.,2017,true
PF034,Layton,Parfums de Marly,men,Eau de Parfum,125,310.00,Apple; Mandarin; Bergamot,Jasmine; Lavender; Geranium; Violet,Guaiac Wood; Vanilla; Cardamom; Sandalwood; Pepper,A warm spicy oriental fragrance with apple and lavender.,2016,true
PF035,BR540 Extrait,Maison Francis Kurkdjian,unisex,Extrait de Parfum,70,395.00,Jasmine; Saffron,Amberwood; Ambergris,Fir Resin; Cedar,An extrait version with amplified luminosity and deeper amber notes.,2017,true
PF036,Molecule 01,Escentric Molecules,unisex,Eau de Toilette,100,145.00,Iso E Super,Iso E Super,Iso E Super,A single aroma-molecule fragrance with a velvety woody note.,2006,true
PF037,Not a Perfume,Juliette Has a Gun,unisex,Eau de Parfum,100,135.00,Cetalox,Cetalox,Cetalox,A single synthetic molecule creating an intimate second skin effect.,2010,true
PF038,Libre,Yves Saint Laurent,women,Eau de Parfum,90,145.00,Lavender; Mandarin; Black Currant; Petitgrain,Lavender Essence; Orange Blossom; Jasmine,Vanilla; Musk; Cedar; Ambergris,A feminine lavender fougere that breaks conventions.,2019,true
PF039,Poison Girl,Dior,women,Eau de Parfum,100,155.00,Bitter Orange; Lemon,Damascena Rose; Grasse Rose,Tonka Bean; Vanilla; Sandalwood,A hypnotic fragrance for the rebellious good girl.,2016,true
PF040,Mon Paris,Yves Saint Laurent,women,Eau de Parfum,90,145.00,Strawberry; Raspberry; Pear; Bergamot,Datura; Peony; Orange Blossom; Jasmine,White Musk; Patchouli; Ambroxan,A tribute to the city of love with intense sensuality.,2016,true
PF041,1 Million,Paco Rabanne,men,Eau de Toilette,100,105.00,Grapefruit; Blood Mandarin; Peppermint,Cinnamon; Rose; Spice Notes,Leather; Amber; Wood,An extravagant fresh spicy leather fragrance.,2008,true
PF042,Invictus,Paco Rabanne,men,Eau de Toilette,100,100.00,Marine Accord; Grapefruit,Bay Leaf; Jasmine,Guaiac Wood; Patchouli; Oak Moss; Ambergris,A triumphant fresh aquatic woody fragrance for winners.,2013,true
PF043,Boss Bottled,Hugo Boss,men,Eau de Parfum,100,105.00,Apple; Bergamot; Lemon,Cinnamon; Mahogany; Carnation; Geranium,Cedar; Vetiver; Sandalwood; Olive Tree,A refined woody floral fragrance for the confident man.,1998,true
PF044,Dior Homme Intense,Dior,men,Eau de Parfum,100,160.00,Lavender; Pear,Iris; Ambrette,Virginia Cedar; Vetiver,An elegant iris-based masculine fragrance with depth.,2011,true
PF045,Versace Pour Homme,Versace,men,Eau de Toilette,100,92.00,Lemon; Neroli; Citron; Bergamot,Hyacinth; Cedar; Clary Sage; Amber,Musk; Sycamore Wood,A Mediterranean fragrance evoking the freshness of the sea.,2008,true
PF046,Angel,Mugler,women,Eau de Parfum,50,150.00,Cotton Candy; Coconut; Cassia,Honey; Apricot; Blackberry; Plum; Jasmine; Rose,Chocolate; Caramel; Tonka Bean; Patchouli; Vanilla; Musk,A revolutionary gourmand oriental fragrance.,1992,true
PF047,Alien,Mugler,women,Eau de Parfum,60,135.00,Jasmine Sambac,Cashmeran Wood,White Amber,A mysterious solar fragrance from another world.,2005,true
PF048,Chance Eau Tendre,Chanel,women,Eau de Parfum,100,165.00,Grapefruit; Quince,Hyacinth; Jasmine,Iris; Virginia Cedar; Amber; White Musk,A soft floral fruity fragrance of unexpected encounters.,2010,true
PF049,Terre d'Hermès,Hermès,men,Eau de Toilette,100,140.00,Orange; Grapefruit; Pepper,Geranium; Patchouli; Pelargonium,Benzoin; Cedar; Vetiver,An earthy woody fragrance evoking raw materials.,2006,true
PF050,Ombré Leather,Tom Ford,unisex,Eau de Parfum,100,185.00,Cardamom; Violet Leaf,Jasmine Sambac; Leather,Patchouli; Moss; Amber; Musk,A textured leather fragrance with floral heart.,2018,true
PF051,Portrait of a Lady,Frederic Malle,women,Eau de Parfum,100,295.00,Turkish Rose; Cinnamon; Pink Pepper,Rose; Clove; Benzoin,Sandalwood; Patchouli; White Musk; Amber,A monumental rose fragrance with opulent depth.,2010,true
PF052,Santal 33,Le Labo,unisex,Eau de Parfum,100,295.00,Cardamom; Iris; Violet,Australian Sandalwood; Papyrus; Cedarwood,Leather; Amber; Musk,A unisex sandalwood fragrance that became a cult classic.,2011,true
PF053,Rose 31,Le Labo,unisex,Eau de Parfum,100,295.00,Cumin; Rose Absolute; Rose Petals,Gaiac Wood; Oud; Amber,Cistus; Musk; Cedar,A masculine take on rose with woody depth.,2006,true
PF054,Another 13,Le Labo,unisex,Eau de Parfum,100,295.00,Ambroxan; Jasmine Petals,Moss; Apple Bark; Ambrette,Musk,A clean intimate skin scent created with AnOther Magazine.,2010,true
PF055,Byredo Gypsy Water,Byredo,unisex,Eau de Parfum,100,290.00,Bergamot; Lemon; Pepper; Juniper Berries,Incense; Pine Needles; Orris,Amber; Vanilla; Sandalwood,A fresh woody fragrance capturing Romani soul.,2008,true
PF056,Bal d'Afrique,Byredo,unisex,Eau de Parfum,100,290.00,African Marigold; Bergamot; Lemon; Neroli,Violet; Jasmine Petals; Cyclamen,Moroccan Cedarwood; Vetiver; Black Amber,A fragrance inspired by 1920s African art in Paris.,2009,true
PF057,Mojave Ghost,Byredo,unisex,Eau de Parfum,100,290.00,Ambrette; Jamaica Rum,Magnolia; Violet; Sandalwood,Ambergris; Cedarwood; Musk,A woody floral fragrance inspired by the desert.,2014,true
PF058,Blanche,Byredo,women,Eau de Parfum,100,290.00,Pink Pepper; Aldehyde,Violet; Neroli; Rose; Peony,Sandalwood; Blonde Woods; Musk,A pure white clean fragrance like fresh laundry.,2009,true
PF059,Neroli Portofino,Tom Ford,unisex,Eau de Parfum,100,370.00,Bergamot; Mandarin; Lemon; Lavender; Bitter Orange; Myrtle,Orange Flower; Neroli; Jasmine; Rosemary,Amber; Ambrette; Angelica; Woody Notes,A Mediterranean escape with neroli and citrus.,2011,true
PF060,Tuscan Leather,Tom Ford,unisex,Eau de Parfum,100,380.00,Saffron; Raspberry,Olibanum; Night Blooming Jasmine,Leather; Suede; Amber; Wood,A rich leather fragrance inspired by Tuscan craftsmanship.,2007,true
PF061,Bitter Peach,Tom Ford,unisex,Eau de Parfum,100,395.00,Blood Orange; Cardamom,Peach; Davana; Rum; Cognac,Sandalwood; Patchouli; Benzoin; Cashmeran; Vanilla,A succulent hedonistic fruity fragrance.,2020,true
PF062,Soleil Blanc,Tom Ford,unisex,Eau de Parfum,100,370.00,Bergamot; Cardamom; Pistachio,Ylang-Ylang; Tuberose; Jasmine,Coconut; Tonka Bean; Amber; Musk,A beach escape with creamy coconut and florals.,2016,true
PF063,Wood Sage & Sea Salt,Jo Malone,unisex,Cologne,100,155.00,Ambrette; Sea Salt,Sea Sage,Driftwood,A windswept fragrance evoking the coast.,2014,true
PF064,Peony & Blush Suede,Jo Malone,women,Cologne,100,155.00,Red Apple,Peony; Jasmine; Rose; Carnation,Suede,A floral fragrance with a tender finish.,2013,true
PF065,Lime Basil & Mandarin,Jo Malone,unisex,Cologne,100,155.00,Mandarin; Basil,White Thyme; Lilac,Vetiver,A peppery basil sharpened with lime.,1999,true
PF066,English Pear & Freesia,Jo Malone,women,Cologne,100,155.00,King William Pear; Melon,Freesia; Rose,Amber; Patchouli; Rhubarb; Musk,A fresh fruity floral with ripe pears.,2010,true
PF067,Pomegranate Noir,Jo Malone,unisex,Cologne,100,155.00,Pomegranate; Raspberry; Plum,Casablanca Lily; Spicy Notes,Guaiac Wood; Patchouli,A rich fruity oriental fragrance.,2005,true
PF068,Grand Soir,Maison Francis Kurkdjian,unisex,Eau de Parfum,70,275.00,Amber; Labdanum,Benzoin; Tonka Bean,Vanilla; Cedar,A warm amber fragrance for elegant evenings.,2016,true
PF069,Oud Satin Mood,Maison Francis Kurkdjian,unisex,Eau de Parfum,70,315.00,Violet,Bulgarian Rose; Turkish Rose,Oud; Benzoin; Vanilla,A rose and oud fragrance with silky warmth.,2017,true
PF070,Aqua Universalis,Maison Francis Kurkdjian,unisex,Eau de Toilette,70,235.00,Calabrian Bergamot; Sicilian Lemon,Moroccan Neroli Flower; Lily of the Valley,White Musk,A fresh clean universal fragrance for everyday.,2009,true
PF071,À la rose,Maison Francis Kurkdjian,women,Eau de Parfum,70,245.00,Calabrian Bergamot,Grasse Rose; Egyptian Jasmine,Virginia Cedar; Musk,A pure radiant rose bouquet fragrance.,2014,true
PF072,Pegasus,Parfums de Marly,men,Eau de Parfum,125,310.00,Bergamot; Heliotrope,Bitter Almond; Lavender; Jasmine,Vanilla; Sandalwood; Amber; Musk,A powdery almond vanilla fragrance with freshness.,2011,true
PF073,Sedley,Parfums de Marly,men,Eau de Parfum,125,265.00,Bergamot; Spearmint; Lavender,Geranium; Cardamom,Vetiver; Musk; Oakmoss,A fresh aromatic fragrance with herbal notes.,2019,true
PF074,Cassili,Parfums de Marly,women,Eau de Parfum,75,295.00,Black Currant; Apple,Turkish Rose; Heliotrope; Peach,Musk; Vanilla; Sandalwood,A fruity floral fragrance with feminine elegance.,2019,true
PF075,Good Girl Supreme,Carolina Herrera,women,Eau de Parfum,80,145.00,Berry; Lemon,Egyptian Jasmine; Tuberose,Tonka Bean; Sandalwood; Vanilla,A bolder fruitier take on Good Girl.,2020,true
PF076,Very Good Girl,Carolina Herrera,women,Eau de Parfum,80,150.00,Lychee; Redcurrant,Rose de Mai; Vetiver,Vanilla; Tonka Bean,A seductive floral fragrance in a leg-shaped bottle.,2021,true
PF077,Voce Viva,Valentino,women,Eau de Parfum,100,165.00,Italian Bergamot; Mandarin,Orange Blossom; Crystal Moss,Golden Woods; Sandalwood; Musk,A radiant floral fragrance celebrating self-expression.,2020,true
PF078,Born in Roma,Valentino,women,Eau de Parfum,100,160.00,Black Currant; Pink Pepper,Lady Jasmine,Bourbon Vanilla; Cashmeran,A modern couture fragrance blending jasmine and vanilla.,2019,true
PF079,Uomo Valentino,Valentino,men,Eau de Toilette,100,115.00,Bergamot; Myrtle,Coffee; Hazelnut; Gianduja,White Leather; Cedarwood,A sophisticated Italian gentleman's fragrance.,2018,true
PF080,Phantom,Paco Rabanne,men,Eau de Toilette,100,105.00,Lemon; Lavender,Apple; Smoke,Vanilla; Cashmeran; Vetiver,A futuristic fragrance in a robot bottle.,2021,true
PF081,Fame,Paco Rabanne,women,Eau de Parfum,80,128.00,Mango,Jasmine; Incense,Sandalwood; Vanilla,A sensual feminine fragrance in a high-heel bottle.,2022,true
PF082,Olympéa,Paco Rabanne,women,Eau de Parfum,80,115.00,Green Mandarin; Water Jasmine,Ginger Lily; Salted Vanilla,Sandalwood; Cashmere Wood; Amber,A solar salty vanilla fragrance for a goddess.,2015,true
PF083,Cloud,Ariana Grande,women,Eau de Parfum,100,65.00,Lavender Blossom; Juicy Pear; Bergamot,Coconut; Praline; Vanilla Orchid,Creamy Musks; Blonde Woods; Cashmere,A dreamy airy fragrance with creamy sweetness.,2018,true
PF084,God Is A Woman,Ariana Grande,women,Eau de Parfum,100,68.00,Pear; Rose Petals,Orris; Madagascar Vanilla,Amberwood; Cedarwood; Musk,An empowering clean fragrance celebrating femininity.,2021,true
PF085,Born Original,Adidas,men,Eau de Toilette,100,28.00,Grapefruit; Pepper,Sage; Cardamom,Cedar; Musk,A fresh sporty fragrance for active men.,2015,true
PF086,Deep,Adidas,men,Eau de Toilette,100,25.00,Bergamot; Green Mandarin,Marine Accord; Lavender,Amber; Musk; Cedarwood,An aquatic fresh fragrance for sport.,2003,true
PF087,Versace Bright Crystal,Versace,women,Eau de Toilette,90,98.00,Pomegranate; Yuzu; Frost Accord,Magnolia; Peony; Lotus Flower,Amber; Musk; Mahogany,A fresh floral fragrance with pomegranate.,2006,true
PF088,Crystal Noir,Versace,women,Eau de Parfum,90,110.00,Ginger; Cardamom; Pepper,Gardenia; Orange Blossom; Peony,Sandalwood; Amber; Musk,A mysterious dark floral oriental fragrance.,2004,true
PF089,Yellow Diamond,Versace,women,Eau de Toilette,90,92.00,Pear Sorbet; Bergamot; Neroli; Citron,Freesia; Mimosa; Orange Blossom; Water Lily; Nymphea,Musk; Amber; Guaiac Wood,A luminous fresh fruity floral fragrance.,2011,true
PF090,Gucci Guilty,Gucci,women,Eau de Parfum,90,138.00,Mandarin; Pink Pepper; Bergamot,Lilac; Geranium; Rose Absolut,Patchouli; Ambery; Cedarwood,A contemporary bold feminine fragrance.,2010,true
PF091,Gucci Guilty Pour Homme,Gucci,men,Eau de Toilette,90,110.00,Lemon; Lavender; Bergamot,Neroli; Orange Blossom,Cedar; Patchouli; Amber,A modern aromatic fougere for confident men.,2011,true
PF092,Flora Gorgeous Gardenia,Gucci,women,Eau de Parfum,100,145.00,Pear Blossom; Red Berries,Gardenia; Jasmine,Brown Sugar; Patchouli; White Musk,A white floral fantasy with gardenia.,2021,true
PF093,Burberry Her,Burberry,women,Eau de Parfum,100,140.00,Blackberry; Black Currant; Raspberry; Strawberry; Sour Cherry; Mandarin Orange,Jasmine; Violet,Amber; Musk; Oakmoss; Sandalwood; Dry Cocoa,A British fruity floral fragrance.,2018,true
PF094,Burberry for Men,Burberry,men,Eau de Toilette,100,85.00,Lavender; Bergamot; Mint,Cedarwood; Sandalwood; Jasmine,Musk; Amber; Vanilla,A classic masculine aromatic woody fragrance.,1995,true
PF095,My Burberry,Burberry,women,Eau de Parfum,90,132.00,Sweet Pea; Bergamot,Rose; Geranium Leaf,Patchouli; Damson Plum,A trench coat-inspired fragrance with rain notes.,2014,true
PF096,Brit for Her,Burberry,women,Eau de Parfum,100,115.00,Italian Lime; Icy Pear,White Peony; Candied Almonds,Mahogany; Vanilla; Tonka Bean; Amber,A sweet almond oriental floral fragrance.,2003,true
PF097,Mont Blanc Legend,Mont Blanc,men,Eau de Toilette,100,85.00,Pineapple; Bergamot; Lavender,Rose; Geranium; Coumarin; Apple,Sandalwood; Tonka Bean; Musk; Oakmoss,A fresh fougere fragrance for modern men.,2011,true
PF098,Mont Blanc Explorer,Mont Blanc,men,Eau de Parfum,100,92.00,Bergamot; Pink Pepper,Clary Sage; Leather,Vetiver; Patchouli; Akigalawood; Cacao,An adventurous woody leather fragrance.,2019,true
PF099,Hugo Boss Man,Hugo Boss,men,Eau de Toilette,125,88.00,Green Apple; Citrus,Sage; Geranium,Cedar; Sandalwood; Olive Tree; Fir,A fresh green aromatic fragrance.,1995,true
PF100,Boss The Scent,Hugo Boss,men,Eau de Toilette,100,98.00,Ginger; Maninka Fruit,Lavender,Leather; Patchouli,A seductive woody oriental fragrance.,2015,true
PF101,Issey Miyake L'Eau d'Issey,Issey Miyake,women,Eau de Toilette,100,95.00,Lotus; Rose Water; Cyclamen,Lily; Peony; Carnation,Sandalwood; Musk; Cedar; Amber,A revolutionary aquatic floral fragrance.,1992,true
PF102,L'Eau d'Issey Pour Homme,Issey Miyake,men,Eau de Toilette,125,98.00,Yuzu; Bergamot; Lemon; Coriander,Nutmeg; Water Lily; Geranium; Sage,Sandalwood; Musk; Amber; Tobacco,A fresh aquatic woody fragrance for men.,1994,true
PF103,Nuit d'Issey,Issey Miyake,men,Eau de Toilette,125,105.00,Bergamot; Pink Pepper; Grapefruit,Leather; Vetiver; Black Tea,Incense; Ebony Wood; Tonka Bean; Patchouli,A nocturnal mysterious oriental fragrance.,2014,true
PF104,CK One,Calvin Klein,unisex,Eau de Toilette,200,75.00,Pineapple; Green Accord; Mandarin; Papaya; Bergamot; Cardamom; Lemon,Jasmine; Lily of the Valley; Rose; Nutmeg; Violet; Orris,Sandalwood; Amber; Musk; Cedar; Green Tea Accord,The original unisex fresh fragrance.,1994,true
PF105,CK Eternity,Calvin Klein,women,Eau de Parfum,100,98.00,Freesia; Mandarin; Sage,White Lily; Marigold; Lily of the Valley; Narcissus,Sandalwood; Heliotrope; Patchouli; Amber; Musk,A romantic timeless floral fragrance.,1988,true
PF106,CK Eternity for Men,Calvin Klein,men,Eau de Toilette,100,92.00,Lavender; Green Notes; Mandarin,Jasmine; Basil; Sage; Geranium,Sandalwood; Vetiver; Amber; Rosewood,A fresh green aromatic masculine fragrance.,1989,true
PF107,Euphoria,Calvin Klein,women,Eau de Parfum,100,105.00,Pomegranate; Persimmon,Black Orchid; Lotus Blossom; Champaca Flower,Mahogany Wood; Black Violet; Amber; Musk; Cream Accord,A sensual exotic oriental fragrance.,2005,true
PF108,Marc Jacobs Daisy,Marc Jacobs,women,Eau de Toilette,100,115.00,Strawberry; Violet Leaves; Grapefruit,Gardenia; Jasmine; Violet,White Woods; Musk; Vanilla,A fresh and feminine floral fragrance.,2007,true
PF109,Daisy Love,Marc Jacobs,women,Eau de Toilette,100,115.00,Cloudberries; Daisy Tree Petals,Daisy; Cashmere Musk,Driftwood; Musks,A radiant woody floral fragrance.,2018,true
PF110,Perfect,Marc Jacobs,women,Eau de Parfum,100,125.00,Rhubarb; Daffodil,Almond Milk,Cashmeran; Cedar,A self-love celebration fragrance.,2020,true
PF111,Dolce,Dolce & Gabbana,women,Eau de Parfum,75,120.00,Neroli Leaves; Papaya Flower,White Amaryllis; White Daffodil; White Water Lily,Cashmeran; Musk; Sandalwood,A delicate white floral fragrance.,2014,true
PF112,The Only One,Dolce & Gabbana,women,Eau de Parfum,100,130.00,Violet; Bergamot; Grapefruit,Coffee; Iris,Patchouli; Vanilla; Cedar; Cashmere,A sophisticated coffee iris fragrance.,2018,true
PF113,K by Dolce & Gabbana,Dolce & Gabbana,men,Eau de Parfum,100,125.00,Blood Orange; Sicilian Lemon; Juniper,Clary Sage; Geranium; Pimento,Cedar; Patchouli; Vetiver,A Mediterranean aromatic woody fragrance.,2019,true
PF114,Narciso Rodriguez for Her,Narciso Rodriguez,women,Eau de Parfum,100,145.00,Floral Notes,Orange Blossom; Osmanthus; Musk,Amber; Vetiver; Sandalwood; Patchouli,A signature musk fragrance with sensuality.,2003,true
PF115,Pure Musc,Narciso Rodriguez,women,Eau de Parfum,100,145.00,Orange Blossom; Bergamot; Pink Pepper,Musc; Floral Heart,Cashmere Wood; Ambrette,A hypnotic musc fragrance.,2019,true
PF116,Bleu Noir,Narciso Rodriguez,men,Eau de Parfum,100,125.00,Blue Cardamom; Nutmeg,Ebony Wood; Musk,Vetiver; Cedar; Amber,A magnetic woody oriental fragrance.,2018,true
PF117,Replica Jazz Club,Maison Margiela,unisex,Eau de Toilette,100,150.00,Pink Pepper; Lemon; Neroli,Clary Sage; Rum Absolute; Vetiver,Tobacco Leaf; Vanilla Bean; Styrax,A Brooklyn jazz club atmosphere.,2013,true
PF118,Replica By the Fireplace,Maison Margiela,unisex,Eau de Toilette,100,150.00,Clove Oil; Pink Pepper; Orange Flower,Chestnut Accord; Guaiac Wood,Vanilla Accord; Cashmeran; Peru Balsam,A cozy winter evening by the fire.,2015,true
PF119,Replica Coffee Break,Maison Margiela,unisex,Eau de Toilette,100,150.00,Lavender; Coffee,Milk Mousse,Sandalwood; Cedar; Vanilla,A mid-morning coffee break moment.,2018,true
PF120,Replica Beach Walk,Maison Margiela,unisex,Eau de Toilette,100,150.00,Bergamot; Pink Pepper; Lemon; Aldehydes,Ylang-Ylang; Coconut Milk; Heliotrope,Benzoin; Musk; Cedar,A sunny beach vacation fragrance.,2012,true
PF121,Replica Bubble Bath,Maison Margiela,unisex,Eau de Toilette,100,150.00,Lavender; Soap Accord; Pink Pepper,Coconut Milk; Rose Superessence; Jasmine,Musk; Sandalwood; Cedar,A clean comforting bath moment.,2020,true
PF122,Kilian Rolling in Love,Kilian,unisex,Eau de Parfum,50,275.00,Almond; Rose; Pink Pepper,Turkish Rose; Iris; Ambrette,Musk; Oud Assam; Cashmeran,A rose and almond romantic fragrance.,2019,true
PF123,Angels' Share,Kilian,unisex,Eau de Parfum,50,275.00,Cognac; Cinnamon,Oak; Praline,Tonka Bean; Sandalwood; Vanilla,A warm boozy cognac fragrance.,2020,true
PF124,Straight to Heaven,Kilian,unisex,Eau de Parfum,50,275.00,Rum; Apple,Cedar; Nutmeg; Mace,Dried Fruits; Musk; Patchouli; Sandalwood,A Caribbean rum dry-down fragrance.,2007,true
PF125,Initio Side Effect,Initio,unisex,Eau de Parfum,90,345.00,Rum Absolut; Cinnamon,Vanilla; Tobacco,Benzoin; Musk,An addictive boozy tobacco fragrance.,2018,true
PF126,Oud for Greatness,Initio,unisex,Eau de Parfum,90,365.00,Nutmeg; Saffron,Oud; Lavender,Musk; Patchouli; Agarwood,A powerful oud fragrance with lavender.,2018,true
PF127,Atomic Rose,Initio,unisex,Eau de Parfum,90,355.00,Rose; Bergamot; Lemon,Musk; Amberwood,Sandalwood; Amber; Cashmeran,An explosive rose fragrance.,2020,true
PF128,Amouage Reflection Man,Amouage,men,Eau de Parfum,100,395.00,Pink Pepper; Rosemary,Bitter Orange; Jasmine; Iris; Neroli,Sandalwood; Vetiver; Musk; Cedar,An elegant classic masculine fragrance.,2007,true
PF129,Amouage Interlude Man,Amouage,men,Eau de Parfum,100,420.00,Oregano; Pimento Berry; Bergamot,Frankincense; Labdanum; Amber,Oud; Cistus; Sandalwood; Leather,A smoky oriental incense fragrance.,2012,true
PF130,Amouage Memoir Woman,Amouage,women,Eau de Parfum,100,395.00,Wormwood; Mandarin; Pink Pepper,Incense; Turkish Rose; Jasmine,Guaiac Wood; Vetiver; Labdanum; Oud; Musk,A mysterious literary fragrance.,2010,true
PF131,Clive Christian No.1,Clive Christian,men,Parfum,50,895.00,Bergamot; Lime; Thyme; Celery; Cardamom,Ylang-Ylang; Jasmine; Heliotrope; Orchid; Orris; Carnation,Sandalwood; Cedar; Vanilla; Tonka Bean; Musk,The world's most expensive perfume.,2001,true
PF132,Xerjoff Naxos,Xerjoff,men,Eau de Parfum,100,345.00,Bergamot; Lavender; Lemon; Cinnamon,Honey; Tobacco; Cashmeran,Tonka Bean; Vanilla,A rich tobacco honey lavender fragrance.,2015,true
PF133,Xerjoff Erba Pura,Xerjoff,unisex,Eau de Parfum,100,285.00,Orange; Sicilian Lemon; Calabrian Bergamot,Fruits; White Flowers,Musk; Amber; Madagascar Vanilla,A luminous fruity floral fragrance.,2019,true
PF134,Widian Black V,Widian,unisex,Parfum,50,375.00,Rose; Saffron,Oud; Praline,Musk; Sandalwood; Amber,A luxurious Middle Eastern fragrance.,2015,true
PF135,Roja Elysium Pour Homme,Roja Parfums,men,Parfum,100,595.00,Grapefruit; Lemon; Bergamot; Lime,Lavender; Geranium; Violet Leaf,Vetiver; Cedar; Musk,A fresh sophisticated masculine fragrance.,2017,true
PF136,Roja Enigma,Roja Parfums,women,Parfum,100,595.00,Bergamot; Mandarin,Rose; Ylang-Ylang; Jasmine; Orris,Sandalwood; Oud; Amber; Musk,A mysterious floral oriental fragrance.,2012,true
PF137,Penhaligon's Halfeti,Penhaligon's,unisex,Eau de Parfum,100,295.00,Bergamot; Grapefruit; Saffron,Rose; Oud; Jasmine; Violet,Leather; Amber; Sandalwood; Tonka; Musk,A dark mysterious rose and oud fragrance.,2015,true
PF138,Penhaligon's Endymion,Penhaligon's,men,Eau de Parfum,100,245.00,Coffee; Lavender; Bergamot,Geranium; Sage,Incense; Musk; Vanilla; Cashmere Wood,A gentlemanly aromatic fragrance.,2003,true
PF139,Vilhelm Parfumerie Dear Polly,Vilhelm Parfumerie,unisex,Eau de Parfum,100,245.00,Tea; Apple; Black Currant,Peony; Wild Rose; Jasmine,Cedar; Sandalwood; Musk,A tea-inspired delicate fragrance.,2016,true
PF140,Vilhelm Parfumerie Mango Skin,Vilhelm Parfumerie,unisex,Eau de Parfum,100,245.00,Mango; Black Currant,Jasmine; Peach,Sandalwood; Musk,A juicy tropical mango fragrance.,2018,true
PF141,Bond No. 9 Bleecker Street,Bond No. 9,unisex,Eau de Parfum,100,345.00,Violet Leaves; Cassis,Jasmine; Tuberose; Gardenia,Musk; Cashmeran,A downtown cool violet fragrance.,2006,true
PF142,Bond No. 9 Governors Island,Bond No. 9,unisex,Eau de Parfum,100,345.00,Sea Spray; Basil,Jasmine; Lily,Vetiver; Seaweed,A coastal New York island fragrance.,2014,true
PF143,Diptyque Philosykos,Diptyque,unisex,Eau de Parfum,75,195.00,Fig Leaf; Green Notes,Fig Tree; Coconut,Fig Wood; Cedar,A Mediterranean fig tree fragrance.,1996,true
PF144,Diptyque Do Son,Diptyque,women,Eau de Parfum,75,195.00,Orange Leaves; Bergamot,Tuberose; Jasmine; Rose,Benzoin; Musk,A tuberose fragrance inspired by Vietnam.,2005,true
PF145,Diptyque Tam Dao,Diptyque,unisex,Eau de Parfum,75,195.00,Rosewood; Myrtle,Cypress; Sandalwood,Cedar; Spices; Amber,A pure sandalwood meditation.,2003,true
PF146,Histoires de Parfums 1826,Histoires de Parfums,women,Eau de Parfum,120,285.00,Musk; White Rose; Violet,Rose; Heliotrope; Jasmine,Sandalwood; Patchouli; White Musk,A romantic rose fragrance honoring Empress Eugenie.,2006,true
PF147,Serge Lutens La Fille de Berlin,Serge Lutens,unisex,Eau de Parfum,100,285.00,Rose; Red Berry,Rose,Incense; Musk,A deep thorny rose fragrance.,2013,true
PF148,Serge Lutens Fleurs d'Oranger,Serge Lutens,unisex,Eau de Parfum,100,285.00,Orange Blossom; Jasmine,Orange Blossom; White Flowers; Tuberose,Musk; Cumin; White Honey,An orange blossom honeyed fragrance.,2003,true
PF149,Atelier Cologne Orange Sanguine,Atelier Cologne,unisex,Cologne Absolue,100,175.00,Blood Orange; Bitter Orange; Red Mandarin,Jasmine; Geranium,Sandalwood; Tonka Bean; Amber,A citrus cologne burst.,2010,true
PF150,Atelier Cologne Vanille Insensée,Atelier Cologne,unisex,Cologne Absolue,100,175.00,Lime; Coriander; Lemon,Jasmine Sambac; Vanilla Absolute,Oak Moss; Gaiac Wood,A fresh unconventional vanilla.,2012,true
